{
	"name": "menumaker",
	"version": "0.8.5",
	"title": "MenuMaker - Responsive Navigation Plugin",
	"description": "A small jQuery plugin which allows you to create various types of menus for mobile devices. You can create a menu which can be toggled with a tap on mobile devices, a multitoggle menu or a select list menu.",
	"author": {
		"name": "Tiberiu Alexandru Butnaru"
	},
	"licenses": [
		{
			"type": "MIT",
			"url": "http://opensource.org/licenses/MIT"
		}
	],
	"dependencies": {
        "jquery": ">=1.7"
    }
}